﻿<?xml version="1.0" encoding="utf-8"?>
<faceconfig row ="8" col="15" item_width="28" item_height="28" zoom_width ="84" zoom_height ="84">
  <face id="14" tip="/微笑" file="face/14.gif"></face>
  <face id="1" tip="/撇嘴" file="face/1.gif"></face>
  <face id="2" tip="/色" file="face/2.gif"></face>
  <face id="3" tip="/发呆" file="face/3.gif"></face>
  <face id="4" tip="/得意" file="face/4.gif"></face>
  <face id="5" tip="/流泪" file="face/5.gif"></face>
  <face id="6" tip="/害羞" file="face/6.gif"></face>
  <face id="7" tip="/闭嘴" file="face/7.gif"></face>
  <face id="8" tip="/睡" file="face/8.gif"></face>
  <face id="9" tip="/大哭" file="face/9.gif"></face>
  <face id="10" tip="/尴尬" file="face/10.gif"></face>
  <face id="11" tip="/发怒" file="face/11.gif"></face>
  <face id="12" tip="/调皮" file="face/12.gif"></face>
  <face id="13" tip="/呲牙" file="face/13.gif"></face>
  <face id="0" tip="/惊讶" file="face/0.gif"></face>
  <face id="50" tip="/难过" file="face/15.gif"></face>
  <face id="51" tip="/酷" file="face/16.gif"></face>
  <face id="96" tip="/冷汗" file="face/96.gif"></face>
  <face id="53" tip="/抓狂" file="face/18.gif"></face>
  <face id="54" tip="/吐" file="face/19.gif"></face>
  <face id="73" tip="/偷笑" file="face/20.gif"></face>
  <face id="74" tip="/可爱" file="face/21.gif"></face>
  <face id="75" tip="/白眼" file="face/22.gif"></face>
  <face id="76" tip="/傲慢" file="face/23.gif"></face>
  <face id="77" tip="/饥饿" file="face/24.gif"></face>
  <face id="78" tip="/困" file="face/25.gif"></face>
  <face id="55" tip="/惊恐" file="face/26.gif"></face>
  <face id="56" tip="/流汗" file="face/27.gif"></face>
  <face id="57" tip="/憨笑" file="face/28.gif"></face>
  <face id="58" tip="/大兵" file="face/29.gif"></face>
  <face id="79" tip="/奋斗" file="face/30.gif"></face>
  <face id="80" tip="/咒骂" file="face/31.gif"></face>
  <face id="81" tip="/疑问" file="face/32.gif"></face>
  <face id="82" tip="/嘘..." file="face/33.gif"></face>
  <face id="83" tip="/晕" file="face/34.gif"></face>
  <face id="84" tip="/折磨" file="face/35.gif"></face>
  <face id="85" tip="/衰" file="face/36.gif"></face>
  
  <face id="87" tip="/敲打" file="face/38.gif"></face>
  <face id="88" tip="/再见" file="face/39.gif"></face>
  <face id="97" tip="/擦汗" file="face/97.gif"></face>
  <face id="98" tip="/抠鼻" file="face/98.gif"></face>
  <face id="99" tip="/鼓掌" file="face/99.gif"></face>
  <face id="100" tip="/糗大了" file="face/100.gif"></face>
  <face id="101" tip="/坏笑" file="face/101.gif"></face>
  <face id="102" tip="/左哼哼" file="face/102.gif"></face>
  <face id="103" tip="/右哼哼" file="face/103.gif"></face>
  <face id="104" tip="/哈欠" file="face/104.gif"></face>
  <face id="105" tip="/鄙视" file="face/105.gif"></face>
  <face id="106" tip="/委屈" file="face/106.gif"></face>
  <face id="107" tip="/快哭了" file="face/107.gif"></face>
  <face id="108" tip="/阴险" file="face/108.gif"></face>
  <face id="109" tip="/亲亲" file="face/109.gif"></face>
  <face id="110" tip="/吓" file="face/110.gif"></face>
  <face id="111" tip="/可怜" file="face/111.gif"></face>
  <face id="112" tip="/菜刀" file="face/112.gif"></face>
  <face id="32" tip="/西瓜" file="face/89.gif"></face>
  <face id="113" tip="/啤酒" file="face/113.gif"></face>
  <face id="114" tip="/篮球" file="face/114.gif"></face>
  <face id="115" tip="/乒乓" file="face/115.gif"></face>
  <face id="63" tip="/咖啡" file="face/60.gif"></face>
  
  <face id="59" tip="/猪头" file="face/46.gif"></face>
  <face id="33" tip="/玫瑰" file="face/63.gif"></face>
  <face id="34" tip="/凋谢" file="face/64.gif"></face>
  <face id="116" tip="/示爱" file="face/116.gif"></face>
  <face id="36" tip="/爱心" file="face/66.gif"></face>
  <face id="37" tip="/心碎" file="face/67.gif"></face>
  <face id="38" tip="/蛋糕" file="face/53.gif"></face>
  <face id="91" tip="/闪电" file="face/54.gif"></face>
  <face id="92" tip="/炸弹" file="face/55.gif"></face>
  <face id="93" tip="/刀" file="face/56.gif"></face>
  <face id="29" tip="/足球" file="face/57.gif"></face>
  
  <face id="62" tip="/拥抱" file="face/49.gif"></face>
  <face id="46" tip="/强" file="face/76.gif"></face>
  <face id="47" tip="/弱" file="face/77.gif"></face>
  <face id="71" tip="/握手" file="face/78.gif"></face>
  <face id="95" tip="/胜利" file="face/79.gif"></face>
  <face id="118" tip="/抱拳" file="face/118.gif"></face>
  <face id="119" tip="/勾引" file="face/119.gif"></face>
  <face id="120" tip="/拳头" file="face/120.gif"></face>
  <face id="121" tip="/差劲" file="face/121.gif"></face>
  <face id="122" tip="/爱你" file="face/122.gif"></face>
  <face id="123" tip="/NO" file="face/123.gif"></face>
  <face id="124" tip="/OK" file="face/124.gif"></face>
    
  <!--
  <face id="64" tip="/饭" file="face/61.gif"></face>
  <face id="86" tip="/骷髅" file="face/37.gif"></face>
  
  <face id="117" tip="/瓢虫" file="face/117.gif"></face>
  <face id="72" tip="/便便" file="face/59.gif"></face>
  <face id="45" tip="/月亮" file="face/75.gif"></face>
  <face id="42" tip="/太阳" file="face/74.gif"></face>
  <face id="39" tip="/礼物" file="face/69.gif"></face>
  
  <face id="27" tip="/爱情" file="face/42.gif"></face>
  <face id="21" tip="/飞吻" file="face/85.gif"></face>
  <face id="23" tip="/跳跳" file="face/43.gif"></face>
  <face id="25" tip="/发抖" file="face/41.gif"></face>
  <face id="26" tip="/怄火" file="face/86.gif"></face>

  <face id="125" tip="/OK" file="face/125.gif"></face>
  <face id="126" tip="/磕头" file="face/126.gif"></face>
  <face id="127" tip="/回头" file="face/127.gif"></face>
  <face id="128" tip="/跳绳" file="face/128.gif"></face>
  <face id="129" tip="/挥手" file="face/129.gif"></face>
  <face id="130" tip="/激动" file="face/130.gif"></face>
  <face id="131" tip="/街舞" file="face/131.gif"></face>
  <face id="132" tip="/献吻" file="face/132.gif"></face>
  <face id="133" tip="/左太极" file="face/133.gif"></face>
  <face id="134" tip="/右太极" file="face/134.gif"></face>
  <face id="17" tip="口罩" file="face/17.gif"></face>
  <face id="47" tip="猫咪" file="face/47.gif"></face>
  <face id="48" tip="狗狗" file="face/48.gif"></face>
  <face id="50" tip="金钱" file="face/50.gif"></face>
  <face id="51" tip="灯泡" file="face/51.gif"></face>
  <face id="52" tip="香槟" file="face/52.gif"></face>  
  <face id="58" tip="音乐" file="face/58.gif"></face>
  <face id="62" tip="药" file="face/62.gif"></face>
  <face id="65" tip="示爱" file="face/65.gif"></face>
  <face id="68" tip="桌子" file="face/68.gif"></face>
  <face id="70" tip="电话" file="face/70.gif"></face>
  <face id="71" tip="时钟" file="face/71.gif"></face>
  <face id="72" tip="邮件" file="face/72.gif"></face>
  <face id="73" tip="电视" file="face/73.gif"></face>
  <face id="80" tip="宠物" file="face/80.gif"></face>
  <face id="81" tip="美女" file="face/81.gif"></face>
  <face id="82" tip="老人" file="face/82.gif"></face>
  <face id="83" tip="帅哥" file="face/83.gif"></face>
  <face id="87" tip="红酒" file="face/87.gif"></face>
  <face id="88" tip="可乐" file="face/88.gif"></face>
  <face id="90" tip="下雨" file="face/90.gif"></face>
  <face id="91" tip="晴天" file="face/91.gif"></face>
  <face id="92" tip="雪人" file="face/92.gif"></face>
  <face id="93" tip="星星" file="face/93.gif"></face>
  <face id="94" tip="女人" file="face/94.gif"></face>
  <face id="95" tip="男人" file="face/95.gif"></face>-->
</faceconfig>